Employee_ID,Employee_Name,Department,City,Salary,Joining_Date
1001,Priya_1,Sales,Pune,52000,2022-08-02
1002,Meena_2,HR,Pune,41000,2020-05-16
1003,Riya_3,Sales,Delhi,62000,2022-10-17
1004,Rahul_4,Sales,Bangalore,49000,2019-03-07
1005,Isha_5,Sales,Delhi,47000,2021-10-31
1006,Riya_6,Finance,Bangalore,63000,2023-01-06
1007,Arjun_7,Sales,Bangalore,79000,2022-04-21
1008,Vikram_8,IT,Bangalore,48000,2021-05-15
1009,Vikram_9,Sales,Hyderabad,59000,2024-05-14
1010,Pooja_10,IT,Delhi,51000,2019-07-18
1011,Ananya_11,Finance,Delhi,42000,2023-07-11
1012,Amit_12,Sales,Delhi,53000,2024-06-15
1013,Isha_13,IT,Delhi,47000,2023-08-26
1014,Kiran_14,Sales,Pune,49000,2022-12-13
1015,Neha_15,Sales,Bangalore,90000,2023-05-03
1016,Amit_16,IT,Mumbai,75000,2019-07-26
1017,Pooja_17,HR,Chennai,57000,2023-09-05
1018,Arjun_18,Sales,Delhi,75000,2020-03-05
1019,Riya_19,HR,Bangalore,64000,2019-12-17
1020,Arjun_20,Marketing,Bangalore,78000,2021-02-16
1021,Ananya_21,HR,Hyderabad,86000,2020-10-26
1022,Amit_22,IT,Hyderabad,48000,2020-10-08
1023,Manoj_23,IT,Bangalore,76000,2024-02-14
1024,Amit_24,Finance,Bangalore,51000,2021-10-19
1025,Meena_25,Marketing,Delhi,51000,2019-10-13
1026,Manoj_26,Finance,Delhi,60000,2023-03-10
1027,Meena_27,HR,Delhi,66000,2021-01-11
1028,Ananya_28,Sales,Bangalore,75000,2019-07-06
1029,Kavya_29,Marketing,Hyderabad,59000,2019-11-24
1030,Isha_30,Finance,Delhi,51000,2021-02-20
1031,Riya_31,Sales,Pune,81000,2024-06-11
1032,Riya_32,IT,Pune,56000,2019-08-23
1033,Neha_33,Finance,Bangalore,64000,2019-08-17
1034,Arjun_34,Marketing,Bangalore,67000,2019-01-07
1035,Priya_35,IT,Pune,67000,2024-02-13
1036,Ajay_36,HR,Chennai,83000,2022-06-01
1037,Riya_37,Marketing,Hyderabad,73000,2019-11-27
1038,Divya_38,Sales,Hyderabad,94000,2020-10-25
1039,Neha_39,HR,Hyderabad,50000,2021-01-13
1040,Manoj_40,Sales,Hyderabad,81000,2023-12-04
1041,Kiran_41,Marketing,Bangalore,43000,2021-09-22
1042,Divya_42,Marketing,Bangalore,51000,2022-09-13
1043,Isha_43,Finance,Bangalore,94000,2021-12-16
1044,Ajay_44,IT,Mumbai,77000,2022-01-09
1045,Pooja_45,Finance,Delhi,63000,2022-08-23
1046,Meena_46,HR,Hyderabad,56000,2019-09-05
1047,Manoj_47,Marketing,Bangalore,72000,2019-02-13
1048,Rahul_48,Sales,Pune,75000,2020-03-27
1049,Meena_49,Sales,Hyderabad,90000,2019-05-01
1050,Kiran_50,Marketing,Bangalore,52000,2020-11-07
1051,Divya_51,HR,Delhi,43000,2022-10-02
1052,Manoj_52,Marketing,Mumbai,50000,2023-01-21
1053,Divya_53,Finance,Bangalore,41000,2023-05-26
1054,Kavya_54,IT,Mumbai,61000,2019-07-18
1055,Ananya_55,Sales,Hyderabad,60000,2021-08-14
1056,Vikram_56,Sales,Bangalore,47000,2023-01-31
1057,Riya_57,Finance,Bangalore,62000,2020-01-25
1058,Arjun_58,Finance,Bangalore,90000,2020-01-11
1059,Kiran_59,Finance,Delhi,41000,2024-03-05
1060,Riya_60,Sales,Hyderabad,94000,2019-04-14
1061,Meena_61,HR,Mumbai,66000,2023-03-24
1062,Ajay_62,Finance,Hyderabad,45000,2021-09-12
1063,Rahul_63,Finance,Chennai,94000,2021-02-15
1064,Suresh_64,IT,Mumbai,79000,2023-05-25
1065,Riya_65,Finance,Bangalore,47000,2024-05-14
1066,Ajay_66,Sales,Delhi,82000,2020-08-30
1067,Ananya_67,IT,Hyderabad,38000,2022-01-15
1068,Divya_68,Marketing,Delhi,45000,2022-04-11
1069,Nikhil_69,Sales,Bangalore,39000,2019-04-27
1070,Kiran_70,HR,Mumbai,42000,2022-05-03
1071,Manoj_71,HR,Delhi,73000,2024-04-12
1072,Isha_72,Sales,Mumbai,77000,2019-03-23
1073,Manoj_73,Marketing,Chennai,94000,2022-04-10
1074,Ajay_74,IT,Bangalore,51000,2020-06-18
1075,Rohit_75,IT,Mumbai,55000,2021-03-21
1076,Kiran_76,Sales,Mumbai,74000,2024-03-17
1077,Priya_77,Sales,Delhi,48000,2022-02-27
1078,Arjun_78,HR,Chennai,91000,2021-11-02
1079,Meena_79,IT,Chennai,45000,2019-05-21
1080,Riya_80,IT,Delhi,86000,2021-06-16
1081,Nikhil_81,Sales,Pune,87000,2022-09-01
1082,Neha_82,Sales,Bangalore,51000,2022-02-09
1083,Priya_83,Marketing,Bangalore,52000,2019-08-25
1084,Isha_84,HR,Pune,56000,2020-07-31
1085,Arjun_85,Marketing,Mumbai,51000,2020-02-21
1086,Ananya_86,Sales,Pune,62000,2024-01-29
1087,Arjun_87,Sales,Hyderabad,56000,2023-08-26
1088,Rohit_88,IT,Bangalore,82000,2023-04-29
1089,Riya_89,Finance,Delhi,35000,2021-06-23
1090,Kiran_90,HR,Delhi,37000,2019-08-18
1091,Pooja_91,Marketing,Delhi,44000,2023-09-06
1092,Rohit_92,Sales,Chennai,58000,2021-05-30
1093,Ananya_93,IT,Bangalore,78000,2024-01-16
1094,Priya_94,IT,Delhi,91000,2020-05-26
1095,Kavya_95,Marketing,Pune,44000,2023-11-27
1096,Meena_96,HR,Bangalore,91000,2024-03-10
1097,Rahul_97,HR,Pune,94000,2021-04-24
1098,Kavya_98,HR,Chennai,45000,2020-11-11
1099,Priya_99,Finance,Hyderabad,89000,2023-06-01
1100,Meena_100,HR,Mumbai,57000,2021-08-21
